construct,well,production_date,dna_transfection_micrograms,dna_preparation_concentration,positions,,,,
-,-,-,-,-,-,,,,
none,A01,P01-20190902,0.4,0.100,"A_01,B_01,C_01,D_01",,,,
376dot17115,A02,P01-20190902,0.4,0.100,"A_02,B_02,C_02,D_02",,,,
376dot18360,A03,P01-20190902,0.4,0.100,"A_03,B_03,C_03,D_03",,,,
376dot18564,A04,P01-20190902,0.4,0.100,"A_04,B_04,C_04,D_04",,,,
376dot18599,A05,P01-20190902,0.4,0.100,"A_05,B_05,C_05,D_05",,,,
376dot13,A06,P01-20190902,0.4,0.100,"A_06,B_06,C_06,D_06",,,,
414dot1,A07,P01-20190902,0.4,0.100,"A_07,B_07,C_07,D_07",,,,
376dot18655,A08,P01-20190902,0.4,0.100,"A_08,B_08,C_08,D_08",,,,
376dot18902,A09,P01-20190902,0.4,0.100,"A_09,B_09,C_09,D_09",,,,
376dot19038,A10,P01-20190902,0.4,0.100,"A_10,B_10,C_10,D_10",,,,
376dot19199,A11,P01-20190902,0.4,0.100,"A_11,B_11,C_11,D_11",,,,
none,A12,P01-20190902,0.4,0.100,"A_12,B_12,C_12,D_12",,,,
none,B01,P01-20190902,0.4,0.100,"E_01,F_01,G_01,H_01",,,,
376dot17171,B02,P01-20190902,0.4,0.100,"E_02,F_02,G_02,H_02",,,,
376dot18424,B03,P01-20190902,0.4,0.100,"E_03,F_03,G_03,H_03",,,,
376dot18572,B04,P01-20190902,0.4,0.100,"E_04,F_04,G_04,H_04",,,,
376dot18631,B05,P01-20190902,0.4,0.100,"E_05,F_05,G_05,H_05",,,,
376dot13,B06,P01-20190902,0.4,0.100,"E_06,F_06,G_06,H_06",,,,
414dot1,B07,P01-20190902,0.4,0.100,"E_07,F_07,G_07,H_07",,,,
376dot18703,B08,P01-20190902,0.4,0.100,"E_08,F_08,G_08,H_08",,,,
376dot18856,B09,P01-20190902,0.4,0.100,"E_09,F_09,G_09,H_09",,,,
376dot19054,B10,P01-20190902,0.4,0.100,"E_10,F_10,G_10,H_10",,,,
376dot19154,B11,P01-20190902,0.4,0.100,"E_11,F_11,G_11,H_11",,,,
none,B12,P01-20190902,0.4,0.100,"E_12,F_12,G_12,H_12",,,,
none,C01,P02-20190902,0.4,0.100,"A_01,B_01,C_01,D_01",,,,
376dot17183,C02,P02-20190902,0.4,0.100,"A_02,B_02,C_02,D_02",,,,
376dot18476,C03,P02-20190902,0.4,0.100,"A_03,B_03,C_03,D_03",,,,
376dot18549,C04,P02-20190902,0.4,0.100,"A_04,B_04,C_04,D_04",,,,
376dot18560,C05,P02-20190902,0.4,0.100,"A_05,B_05,C_05,D_05",,,,
376dot13,C06,P02-20190902,0.4,0.100,"A_06,B_06,C_06,D_06",,,,
414dot1,C07,P02-20190902,0.4,0.100,"A_07,B_07,C_07,D_07",,,,
376dot18761,C08,P02-20190902,0.4,0.100,"A_08,B_08,C_08,D_08",,,,
376dot18939,C09,P02-20190902,0.4,0.100,"A_09,B_09,C_09,D_09",,,,
376dot19087,C10,P02-20190902,0.4,0.100,"A_10,B_10,C_10,D_10",,,,
376dot19194,C11,P02-20190902,0.4,0.100,"A_11,B_11,C_11,D_11",,,,
none,C12,P02-20190902,0.4,0.100,"A_12,B_12,C_12,D_12",,,,
none,D01,P02-20190902,0.4,0.100,"E_01,F_01,G_01,H_01",,,,
376dot17136,D02,P02-20190902,0.4,0.100,"E_02,F_02,G_02,H_02",,,,
376dot18477,D03,P02-20190902,0.4,0.100,"E_03,F_03,G_03,H_03",,,,
376dot18621,D04,P02-20190902,0.4,0.100,"E_04,F_04,G_04,H_04",,,,
376dot18616,D05,P02-20190902,0.4,0.100,"E_05,F_05,G_05,H_05",,,,
376dot13,D06,P02-20190902,0.4,0.100,"E_06,F_06,G_06,H_06",,,,
414dot1,D07,P02-20190902,0.4,0.100,"E_07,F_07,G_07,H_07",,,,
376dot18817,D08,P02-20190902,0.4,0.100,"E_08,F_08,G_08,H_08",,,,
376dot18942,D09,P02-20190902,0.4,0.100,"E_09,F_09,G_09,H_09",,,,
376dot19106,D10,P02-20190902,0.4,0.100,"E_10,F_10,G_10,H_10",,,,
376dot19276,D11,P02-20190902,0.4,0.100,"E_11,F_11,G_11,H_11",,,,
none,D12,P02-20190902,0.4,0.100,"E_12,F_12,G_12,H_12",,,,
none,E01,P03-20190902,0.4,0.100,"A_01,B_01,C_01,D_01",,,,
376dot18419,E02,P03-20190902,0.4,0.100,"A_02,B_02,C_02,D_02",,,,
376dot18501,E03,P03-20190902,0.4,0.100,"A_03,B_03,C_03,D_03",,,,
376dot18566,E04,P03-20190902,0.4,0.100,"A_04,B_04,C_04,D_04",,,,
376dot18609,E05,P03-20190902,0.4,0.100,"A_05,B_05,C_05,D_05",,,,
376dot13,E06,P03-20190902,0.4,0.100,"A_06,B_06,C_06,D_06",,,,
414dot1,E07,P03-20190902,0.4,0.100,"A_07,B_07,C_07,D_07",,,,
376dot18746,E08,P03-20190902,0.4,0.100,"A_08,B_08,C_08,D_08",,,,
376dot18992,E09,P03-20190902,0.4,0.100,"A_09,B_09,C_09,D_09",,,,
376dot19148,E10,P03-20190902,0.4,0.100,"A_10,B_10,C_10,D_10",,,,
376dot19269,E11,P03-20190902,0.4,0.100,"A_11,B_11,C_11,D_11",,,,
none,E12,P03-20190902,0.4,0.100,"A_12,B_12,C_12,D_12",,,,
none,F01,P03-20190902,0.4,0.100,"E_01,F_01,G_01,H_01",,,,
376dot18428,F02,P03-20190902,0.4,0.100,"E_02,F_02,G_02,H_02",,,,
376dot18517,F03,P03-20190902,0.4,0.100,"E_03,F_03,G_03,H_03",,,,
376dot18598,F04,P03-20190902,0.4,0.100,"E_04,F_04,G_04,H_04",,,,
376dot18562,F05,P03-20190902,0.4,0.100,"E_05,F_05,G_05,H_05",,,,
376dot13,F06,P03-20190902,0.4,0.100,"E_06,F_06,G_06,H_06",,,,
414dot1,F07,P03-20190902,0.4,0.100,"E_07,F_07,G_07,H_07",,,,
376dot18770,F08,P03-20190902,0.4,0.100,"E_08,F_08,G_08,H_08",,,,
376dot18953,F09,P03-20190902,0.4,0.100,"E_09,F_09,G_09,H_09",,,,
376dot19180,F10,P03-20190902,0.4,0.100,"E_10,F_10,G_10,H_10",,,,
376dot19277,F11,P03-20190902,0.4,0.100,"E_11,F_11,G_11,H_11",,,,
none,F12,P03-20190902,0.4,0.100,"E_12,F_12,G_12,H_12",,,,
none,G01,P04-20190902,0.4,0.100,"A_01,B_01,C_01,D_01",,,,
376dot18373,G02,P04-20190902,0.4,0.100,"A_02,B_02,C_02,D_02",,,,
376dot18455,G03,P04-20190902,0.4,0.100,"A_03,B_03,C_03,D_03",,,,
376dot18614,G04,P04-20190902,0.4,0.100,"A_04,B_04,C_04,D_04",,,,
376dot18717,G05,P04-20190902,0.4,0.100,"A_05,B_05,C_05,D_05",,,,
376dot13,G06,P04-20190902,0.4,0.100,"A_06,B_06,C_06,D_06",,,,
414dot1,G07,P04-20190902,0.4,0.100,"A_07,B_07,C_07,D_07",,,,
376dot18852,G08,P04-20190902,0.4,0.100,"A_08,B_08,C_08,D_08",,,,
376dot18938,G09,P04-20190902,0.4,0.100,"A_09,B_09,C_09,D_09",,,,
376dot19150,G10,P04-20190902,0.4,0.100,"A_10,B_10,C_10,D_10",,,,
376dot19293,G11,P04-20190902,0.4,0.100,"A_11,B_11,C_11,D_11",,,,
none,G12,P04-20190902,0.4,0.100,"A_12,B_12,C_12,D_12",,,,
none,H01,P04-20190902,0.4,0.100,"E_01,F_01,G_01,H_01",,,,
376dot18382,H02,P04-20190902,0.4,0.100,"E_02,F_02,G_02,H_02",,,,
376dot18480,H03,P04-20190902,0.4,0.100,"E_03,F_03,G_03,H_03",,,,
376dot18551,H04,P04-20190902,0.4,0.100,"E_04,F_04,G_04,H_04",,,,
376dot18710,H05,P04-20190902,0.4,0.100,"E_05,F_05,G_05,H_05",,,,
376dot13,H06,P04-20190902,0.4,0.100,"E_06,F_06,G_06,H_06",,,,
414dot1,H07,P04-20190902,0.4,0.100,"E_07,F_07,G_07,H_07",,,,
376dot18894,H08,P04-20190902,0.4,0.100,"E_08,F_08,G_08,H_08",,,,
376dot19099,H09,P04-20190902,0.4,0.100,"E_09,F_09,G_09,H_09",,,,
376dot19151,H10,P04-20190902,0.4,0.100,"E_10,F_10,G_10,H_10",,,,
376dot19246,H11,P04-20190902,0.4,0.100,"E_11,F_11,G_11,H_11",,,,
none,H12,P04-20190902,0.4,0.100,"E_12,F_12,G_12,H_12",,,,
none,A01,P05-20190902,0.4,0.100,"A_01,B_01,C_01,D_01",,,,
376dot19270,A02,P05-20190902,0.4,0.100,"A_02,B_02,C_02,D_02",,,,
376dot5554,A03,P05-20190902,0.4,0.100,"A_03,B_03,C_03,D_03",,,,
376dot5738,A04,P05-20190902,0.4,0.100,"A_04,B_04,C_04,D_04",,,,
376dot6087,A05,P05-20190902,0.4,0.100,"A_05,B_05,C_05,D_05",,,,
376dot13,A06,P05-20190902,0.4,0.100,"A_06,B_06,C_06,D_06",,,,
414dot1,A07,P05-20190902,0.4,0.100,"A_07,B_07,C_07,D_07",,,,
376dot16736,A08,P05-20190902,0.4,0.100,"A_08,B_08,C_08,D_08",,,,
376dot16833,A09,P05-20190902,0.4,0.100,"A_09,B_09,C_09,D_09",,,,
376dot16911,A10,P05-20190902,0.4,0.100,"A_10,B_10,C_10,D_10",,,,
376dot3011,A11,P05-20190902,0.4,0.100,"A_11,B_11,C_11,D_11",,,,
none,A12,P05-20190902,0.4,0.100,"A_12,B_12,C_12,D_12",,,,
none,B01,P05-20190902,0.4,0.100,"E_01,F_01,G_01,H_01",,,,
376dot19278,B02,P05-20190902,0.4,0.100,"E_02,F_02,G_02,H_02",,,,
376dot5585,B03,P05-20190902,0.4,0.100,"E_03,F_03,G_03,H_03",,,,
376dot5853,B04,P05-20190902,0.4,0.100,"E_04,F_04,G_04,H_04",,,,
376dot6135,B05,P05-20190902,0.4,0.100,"E_05,F_05,G_05,H_05",,,,
376dot13,B06,P05-20190902,0.4,0.100,"E_06,F_06,G_06,H_06",,,,
414dot1,B07,P05-20190902,0.4,0.100,"E_07,F_07,G_07,H_07",,,,
376dot16729,B08,P05-20190902,0.4,0.100,"E_08,F_08,G_08,H_08",,,,
376dot16906,B09,P05-20190902,0.4,0.100,"E_09,F_09,G_09,H_09",,,,
376dot16967,B10,P05-20190902,0.4,0.100,"E_10,F_10,G_10,H_10",,,,
376dot3019,B11,P05-20190902,0.4,0.100,"E_11,F_11,G_11,H_11",,,,
none,B12,P05-20190902,0.4,0.100,"E_12,F_12,G_12,H_12",,,,
none,C01,P06-20190902,0.4,0.100,"A_01,B_01,C_01,D_01",,,,
376dot19271,C02,P06-20190902,0.4,0.100,"A_02,B_02,C_02,D_02",,,,
376dot5702,C03,P06-20190902,0.4,0.100,"A_03,B_03,C_03,D_03",,,,
376dot6039,C04,P06-20190902,0.4,0.100,"A_04,B_04,C_04,D_04",,,,
376dot6481,C05,P06-20190902,0.4,0.100,"A_05,B_05,C_05,D_05",,,,
376dot13,C06,P06-20190902,0.4,0.100,"A_06,B_06,C_06,D_06",,,,
414dot1,C07,P06-20190902,0.4,0.100,"A_07,B_07,C_07,D_07",,,,
376dot16822,C08,P06-20190902,0.4,0.100,"A_08,B_08,C_08,D_08",,,,
376dot16979,C09,P06-20190902,0.4,0.100,"A_09,B_09,C_09,D_09",,,,
376dot17068,C10,P06-20190902,0.4,0.100,"A_10,B_10,C_10,D_10",,,,
376dot3043,C11,P06-20190902,0.4,0.100,"A_11,B_11,C_11,D_11",,,,
none,C12,P06-20190902,0.4,0.100,"A_12,B_12,C_12,D_12",,,,
none,D01,P06-20190902,0.4,0.100,"E_01,F_01,G_01,H_01",,,,
376dot19248,D02,P06-20190902,0.4,0.100,"E_02,F_02,G_02,H_02",,,,
376dot5706,D03,P06-20190902,0.4,0.100,"E_03,F_03,G_03,H_03",,,,
376dot6094,D04,P06-20190902,0.4,0.100,"E_04,F_04,G_04,H_04",,,,
376dot6632,D05,P06-20190902,0.4,0.100,"E_05,F_05,G_05,H_05",,,,
376dot13,D06,P06-20190902,0.4,0.100,"E_06,F_06,G_06,H_06",,,,
414dot1,D07,P06-20190902,0.4,0.100,"E_07,F_07,G_07,H_07",,,,
376dot16832,D08,P06-20190902,0.4,0.100,"E_08,F_08,G_08,H_08",,,,
376dot16908,D09,P06-20190902,0.4,0.100,"E_09,F_09,G_09,H_09",,,,
376dot17086,D10,P06-20190902,0.4,0.100,"E_10,F_10,G_10,H_10",,,,
376dot3044,D11,P06-20190902,0.4,0.100,"E_11,F_11,G_11,H_11",,,,
none,D12,P06-20190902,0.4,0.100,"E_12,F_12,G_12,H_12",,,,
none,E01,P07-20190902,0.4,0.100,"A_01,B_01,C_01,D_01",,,,
376dot19280,E02,P07-20190902,0.4,0.100,"A_02,B_02,C_02,D_02",,,,
376dot6722,E03,P07-20190902,0.4,0.100,"A_03,B_03,C_03,D_03",,,,
376dot16428,E04,P07-20190902,0.4,0.100,"A_04,B_04,C_04,D_04",,,,
376dot16797,E05,P07-20190902,0.4,0.100,"A_05,B_05,C_05,D_05",,,,
376dot13,E06,P07-20190902,0.4,0.100,"A_06,B_06,C_06,D_06",,,,
414dot1,E07,P07-20190902,0.4,0.100,"A_07,B_07,C_07,D_07",,,,
376dot16833,E08,P07-20190902,0.4,0.100,"A_08,B_08,C_08,D_08",,,,
414dot2,E09,P07-20190902,0.4,0.100,"A_09,B_09,C_09,D_09",,,,
376dot816,E10,P07-20190902,0.4,0.100,"A_10,B_10,C_10,D_10",,,,
376dot3051,E11,P07-20190902,0.4,0.100,"A_11,B_11,C_11,D_11",,,,
none,E12,P07-20190902,0.4,0.100,"A_12,B_12,C_12,D_12",,,,
none,F01,P07-20190902,0.4,0.100,"E_01,F_01,G_01,H_01",,,,
376dot19296,F02,P07-20190902,0.4,0.100,"E_02,F_02,G_02,H_02",,,,
376dot6908,F03,P07-20190902,0.4,0.100,"E_03,F_03,G_03,H_03",,,,
376dot16504,F04,P07-20190902,0.4,0.100,"E_04,F_04,G_04,H_04",,,,
376dot16718,F05,P07-20190902,0.4,0.100,"E_05,F_05,G_05,H_05",,,,
376dot13,F06,P07-20190902,0.4,0.100,"E_06,F_06,G_06,H_06",,,,
414dot1,F07,P07-20190902,0.4,0.100,"E_07,F_07,G_07,H_07",,,,
376dot16906,F08,P07-20190902,0.4,0.100,"E_08,F_08,G_08,H_08",,,,
414dot2,F09,P07-20190902,0.4,0.100,"E_09,F_09,G_09,H_09",,,,
376dot842,F10,P07-20190902,0.4,0.100,"E_10,F_10,G_10,H_10",,,,
376dot3055,F11,P07-20190902,0.4,0.100,"E_11,F_11,G_11,H_11",,,,
none,F12,P07-20190902,0.4,0.100,"E_12,F_12,G_12,H_12",,,,
none,G01,P08-20190902,0.4,0.100,"A_01,B_01,C_01,D_01",,,,
376dot19225,G02,P08-20190902,0.4,0.100,"A_02,B_02,C_02,D_02",,,,
376dot6887,G03,P08-20190902,0.4,0.100,"A_03,B_03,C_03,D_03",,,,
376dot16739,G04,P08-20190902,0.4,0.100,"A_04,B_04,C_04,D_04",,,,
376dot16727,G05,P08-20190902,0.4,0.100,"A_05,B_05,C_05,D_05",,,,
376dot13,G06,P08-20190902,0.4,0.100,"A_06,B_06,C_06,D_06",,,,
414dot1,G07,P08-20190902,0.4,0.100,"A_07,B_07,C_07,D_07",,,,
376dot16979,G08,P08-20190902,0.4,0.100,"A_08,B_08,C_08,D_08",,,,
376dot20949,G09,P08-20190902,0.4,0.100,"A_09,B_09,C_09,D_09",,,,
376dot3003,G10,P08-20190902,0.4,0.100,"A_10,B_10,C_10,D_10",,,,
376dot3059,G11,P08-20190902,0.4,0.100,"A_11,B_11,C_11,D_11",,,,
none,G12,P08-20190902,0.4,0.100,"A_12,B_12,C_12,D_12",,,,
none,H01,P08-20190902,0.4,0.100,"E_01,F_01,G_01,H_01",,,,
376dot19281,H02,P08-20190902,0.4,0.100,"E_02,F_02,G_02,H_02",,,,
376dot6850,H03,P08-20190902,0.4,0.100,"E_03,F_03,G_03,H_03",,,,
376dot16732,H04,P08-20190902,0.4,0.100,"E_04,F_04,G_04,H_04",,,,
376dot16807,H05,P08-20190902,0.4,0.100,"E_05,F_05,G_05,H_05",,,,
376dot13,H06,P08-20190902,0.4,0.100,"E_06,F_06,G_06,H_06",,,,
414dot1,H07,P08-20190902,0.4,0.100,"E_07,F_07,G_07,H_07",,,,
376dot16908,H08,P08-20190902,0.4,0.100,"E_08,F_08,G_08,H_08",,,,
376dot20949,H09,P08-20190902,0.4,0.100,"E_09,F_09,G_09,H_09",,,,
376dot3004,H10,P08-20190902,0.4,0.100,"E_10,F_10,G_10,H_10",,,,
376dot3060,H11,P08-20190902,0.4,0.100,"E_11,F_11,G_11,H_11",,,,
none,H12,P08-20190902,0.4,0.100,"E_12,F_12,G_12,H_12",,,,
none,A01,P09-20190902,0.4,0.100,"A_01,B_01,C_01,D_01",,,,
376dot3061,A02,P09-20190902,0.4,0.100,"A_02,B_02,C_02,D_02",,,,
376dot9531,A03,P09-20190902,0.4,0.100,"A_03,B_03,C_03,D_03",,,,
376dot9583,A04,P09-20190902,0.4,0.100,"A_04,B_04,C_04,D_04",,,,
376dot8854,A05,P09-20190902,0.4,0.100,"A_05,B_05,C_05,D_05",,,,
376dot13,A06,P09-20190902,0.4,0.100,"A_06,B_06,C_06,D_06",,,,
414dot1,A07,P09-20190902,0.4,0.100,"A_07,B_07,C_07,D_07",,,,
376dot8909,A08,P09-20190902,0.4,0.100,"A_08,B_08,C_08,D_08",,,,
376dot8920,A09,P09-20190902,0.4,0.100,"A_09,B_09,C_09,D_09",,,,
376dot8937,A10,P09-20190902,0.4,0.100,"A_10,B_10,C_10,D_10",,,,
376dot9019,A11,P09-20190902,0.4,0.100,"A_11,B_11,C_11,D_11",,,,
none,A12,P09-20190902,0.4,0.100,"A_12,B_12,C_12,D_12",,,,
none,B01,P09-20190902,0.4,0.100,"E_01,F_01,G_01,H_01",,,,
376dot3067,B02,P09-20190902,0.4,0.100,"E_02,F_02,G_02,H_02",,,,
376dot9539,B03,P09-20190902,0.4,0.100,"E_03,F_03,G_03,H_03",,,,
376dot9585,B04,P09-20190902,0.4,0.100,"E_04,F_04,G_04,H_04",,,,
376dot8857,B05,P09-20190902,0.4,0.100,"E_05,F_05,G_05,H_05",,,,
376dot13,B06,P09-20190902,0.4,0.100,"E_06,F_06,G_06,H_06",,,,
414dot1,B07,P09-20190902,0.4,0.100,"E_07,F_07,G_07,H_07",,,,
376dot8911,B08,P09-20190902,0.4,0.100,"E_08,F_08,G_08,H_08",,,,
376dot8924,B09,P09-20190902,0.4,0.100,"E_09,F_09,G_09,H_09",,,,
376dot8940,B10,P09-20190902,0.4,0.100,"E_10,F_10,G_10,H_10",,,,
376dot9020,B11,P09-20190902,0.4,0.100,"E_11,F_11,G_11,H_11",,,,
none,B12,P09-20190902,0.4,0.100,"E_12,F_12,G_12,H_12",,,,
none,C01,P10-20190902,0.4,0.100,"A_01,B_01,C_01,D_01",,,,
376dot3075,C02,P10-20190902,0.4,0.100,"A_02,B_02,C_02,D_02",,,,
376dot9540,C03,P10-20190902,0.4,0.100,"A_03,B_03,C_03,D_03",,,,
376dot9588,C04,P10-20190902,0.4,0.100,"A_04,B_04,C_04,D_04",,,,
376dot8872,C05,P10-20190902,0.4,0.100,"A_05,B_05,C_05,D_05",,,,
376dot13,C06,P10-20190902,0.4,0.100,"A_06,B_06,C_06,D_06",,,,
414dot1,C07,P10-20190902,0.4,0.100,"A_07,B_07,C_07,D_07",,,,
376dot8916,C08,P10-20190902,0.4,0.100,"A_08,B_08,C_08,D_08",,,,
376dot8926,C09,P10-20190902,0.4,0.100,"A_09,B_09,C_09,D_09",,,,
376dot8947,C10,P10-20190902,0.4,0.100,"A_10,B_10,C_10,D_10",,,,
376dot9021,C11,P10-20190902,0.4,0.100,"A_11,B_11,C_11,D_11",,,,
none,C12,P10-20190902,0.4,0.100,"A_12,B_12,C_12,D_12",,,,
none,D01,P10-20190902,0.4,0.100,"E_01,F_01,G_01,H_01",,,,
376dot4843,D02,P10-20190902,0.4,0.100,"E_02,F_02,G_02,H_02",,,,
376dot9543,D03,P10-20190902,0.4,0.100,"E_03,F_03,G_03,H_03",,,,
376dot9593,D04,P10-20190902,0.4,0.100,"E_04,F_04,G_04,H_04",,,,
376dot8873,D05,P10-20190902,0.4,0.100,"E_05,F_05,G_05,H_05",,,,
376dot13,D06,P10-20190902,0.4,0.100,"E_06,F_06,G_06,H_06",,,,
414dot1,D07,P10-20190902,0.4,0.100,"E_07,F_07,G_07,H_07",,,,
376dot8918,D08,P10-20190902,0.4,0.100,"E_08,F_08,G_08,H_08",,,,
376dot8932,D09,P10-20190902,0.4,0.100,"E_09,F_09,G_09,H_09",,,,
376dot8955,D10,P10-20190902,0.4,0.100,"E_10,F_10,G_10,H_10",,,,
376dot9022,D11,P10-20190902,0.4,0.100,"E_11,F_11,G_11,H_11",,,,
none,D12,P10-20190902,0.4,0.100,"E_12,F_12,G_12,H_12",,,,
none,E01,P11-20190902,0.4,0.100,"A_01,B_01,C_01,D_01",,,,
376dot4848,E02,P11-20190902,0.4,0.100,"A_02,B_02,C_02,D_02",,,,
376dot9544,E03,P11-20190902,0.4,0.100,"A_03,B_03,C_03,D_03",,,,
376dot9595,E04,P11-20190902,0.4,0.100,"A_04,B_04,C_04,D_04",,,,
376dot8874,E05,P11-20190902,0.4,0.100,"A_05,B_05,C_05,D_05",,,,
376dot13,E06,P11-20190902,0.4,0.100,"A_06,B_06,C_06,D_06",,,,
414dot1,E07,P11-20190902,0.4,0.100,"A_07,B_07,C_07,D_07",,,,
376dot8920,E08,P11-20190902,0.4,0.100,"A_08,B_08,C_08,D_08",,,,
376dot8957,E09,P11-20190902,0.4,0.100,"A_09,B_09,C_09,D_09",,,,
376dot9006,E10,P11-20190902,0.4,0.100,"A_10,B_10,C_10,D_10",,,,
376dot9029,E11,P11-20190902,0.4,0.100,"A_11,B_11,C_11,D_11",,,,
none,E12,P11-20190902,0.4,0.100,"A_12,B_12,C_12,D_12",,,,
none,F01,P11-20190902,0.4,0.100,"E_01,F_01,G_01,H_01",,,,
376dot9518,F02,P11-20190902,0.4,0.100,"E_02,F_02,G_02,H_02",,,,
376dot9572,F03,P11-20190902,0.4,0.100,"E_03,F_03,G_03,H_03",,,,
376dot9596,F04,P11-20190902,0.4,0.100,"E_04,F_04,G_04,H_04",,,,
376dot8877,F05,P11-20190902,0.4,0.100,"E_05,F_05,G_05,H_05",,,,
376dot13,F06,P11-20190902,0.4,0.100,"E_06,F_06,G_06,H_06",,,,
414dot1,F07,P11-20190902,0.4,0.100,"E_07,F_07,G_07,H_07",,,,
376dot8924,F08,P11-20190902,0.4,0.100,"E_08,F_08,G_08,H_08",,,,
376dot8963,F09,P11-20190902,0.4,0.100,"E_09,F_09,G_09,H_09",,,,
376dot9011,F10,P11-20190902,0.4,0.100,"E_10,F_10,G_10,H_10",,,,
376dot10859,F11,P11-20190902,0.4,0.100,"E_11,F_11,G_11,H_11",,,,
none,F12,P11-20190902,0.4,0.100,"E_12,F_12,G_12,H_12",,,,
none,G01,P12-20190902,0.4,0.100,"A_01,B_01,C_01,D_01",,,,
376dot9525,G02,P12-20190902,0.4,0.100,"A_02,B_02,C_02,D_02",,,,
376dot9574,G03,P12-20190902,0.4,0.100,"A_03,B_03,C_03,D_03",,,,
376dot8848,G04,P12-20190902,0.4,0.100,"A_04,B_04,C_04,D_04",,,,
376dot8899,G05,P12-20190902,0.4,0.100,"A_05,B_05,C_05,D_05",,,,
376dot13,G06,P12-20190902,0.4,0.100,"A_06,B_06,C_06,D_06",,,,
414dot1,G07,P12-20190902,0.4,0.100,"A_07,B_07,C_07,D_07",,,,
376dot8926,G08,P12-20190902,0.4,0.100,"A_08,B_08,C_08,D_08",,,,
376dot8971,G09,P12-20190902,0.4,0.100,"A_09,B_09,C_09,D_09",,,,
376dot9012,G10,P12-20190902,0.4,0.100,"A_10,B_10,C_10,D_10",,,,
376dot10860,G11,P12-20190902,0.4,0.100,"A_11,B_11,C_11,D_11",,,,
none,G12,P12-20190902,0.4,0.100,"A_12,B_12,C_12,D_12",,,,
none,H01,P12-20190902,0.4,0.100,"E_01,F_01,G_01,H_01",,,,
376dot9530,H02,P12-20190902,0.4,0.100,"E_02,F_02,G_02,H_02",,,,
376dot9579,H03,P12-20190902,0.4,0.100,"E_03,F_03,G_03,H_03",,,,
376dot8849,H04,P12-20190902,0.4,0.100,"E_04,F_04,G_04,H_04",,,,
376dot8908,H05,P12-20190902,0.4,0.100,"E_05,F_05,G_05,H_05",,,,
376dot13,H06,P12-20190902,0.4,0.100,"E_06,F_06,G_06,H_06",,,,
414dot1,H07,P12-20190902,0.4,0.100,"E_07,F_07,G_07,H_07",,,,
376dot8932,H08,P12-20190902,0.4,0.100,"E_08,F_08,G_08,H_08",,,,
376dot8996,H09,P12-20190902,0.4,0.100,"E_09,F_09,G_09,H_09",,,,
376dot9013,H10,P12-20190902,0.4,0.100,"E_10,F_10,G_10,H_10",,,,
376dot10867,H11,P12-20190902,0.4,0.100,"E_11,F_11,G_11,H_11",,,,
none,H12,P12-20190902,0.4,0.100,"E_12,F_12,G_12,H_12",,,,
 none,A01,P13-20190902,0.4,0.100,"A_01,B_01,C_01,D_01",,,,
514dot3565,A02,P13-20190902,0.4,0.100,"A_02,B_02,C_02,D_02",,,,
514dot3573,A03,P13-20190902,0.4,0.100,"A_03,B_03,C_03,D_03",,,,
514dot3581,A04,P13-20190902,0.4,0.100,"A_04,B_04,C_04,D_04",,,,
514dot3589,A05,P13-20190902,0.4,0.100,"A_05,B_05,C_05,D_05",,,,
514dot1,A06,P13-20190902,0.4,0.100,"A_06,B_06,C_06,D_06",,,,
514dot3597,A07,P13-20190902,0.4,0.100,"A_07,B_07,C_07,D_07",,,,
514dot3605,A08,P13-20190902,0.4,0.100,"A_08,B_08,C_08,D_08",,,,
514dot3613,A09,P13-20190902,0.4,0.100,"A_09,B_09,C_09,D_09",,,,
514dot3621,A10,P13-20190902,0.4,0.100,"A_10,B_10,C_10,D_10",,,,
514dot3629,A11,P13-20190902,0.4,0.100,"A_11,B_11,C_11,D_11",,,,
 none,A12,P13-20190902,0.4,0.100,"A_12,B_12,C_12,D_12",,,,
 none,B01,P13-20190902,0.4,0.100,"E_01,F_01,G_01,H_01",,,,
514dot3566,B02,P13-20190902,0.4,0.100,"E_02,F_02,G_02,H_02",,,,
514dot3574,B03,P13-20190902,0.4,0.100,"E_03,F_03,G_03,H_03",,,,
514dot3582,B04,P13-20190902,0.4,0.100,"E_04,F_04,G_04,H_04",,,,
514dot3590,B05,P13-20190902,0.4,0.100,"E_05,F_05,G_05,H_05",,,,
514dot1,B06,P13-20190902,0.4,0.100,"E_06,F_06,G_06,H_06",,,,
514dot3598,B07,P13-20190902,0.4,0.100,"E_07,F_07,G_07,H_07",,,,
514dot3606,B08,P13-20190902,0.4,0.100,"E_08,F_08,G_08,H_08",,,,
514dot3614,B09,P13-20190902,0.4,0.100,"E_09,F_09,G_09,H_09",,,,
514dot3622,B10,P13-20190902,0.4,0.100,"E_10,F_10,G_10,H_10",,,,
514dot3630,B11,P13-20190902,0.4,0.100,"E_11,F_11,G_11,H_11",,,,
 none,B12,P13-20190902,0.4,0.100,"E_12,F_12,G_12,H_12",,,,
 none,C01,P14-20190902,0.4,0.100,"A_01,B_01,C_01,D_01",,,,
514dot3567,C02,P14-20190902,0.4,0.100,"A_02,B_02,C_02,D_02",,,,
514dot3575,C03,P14-20190902,0.4,0.100,"A_03,B_03,C_03,D_03",,,,
514dot3583,C04,P14-20190902,0.4,0.100,"A_04,B_04,C_04,D_04",,,,
514dot3591,C05,P14-20190902,0.4,0.100,"A_05,B_05,C_05,D_05",,,,
514dot1,C06,P14-20190902,0.4,0.100,"A_06,B_06,C_06,D_06",,,,
514dot3599,C07,P14-20190902,0.4,0.100,"A_07,B_07,C_07,D_07",,,,
514dot3607,C08,P14-20190902,0.4,0.100,"A_08,B_08,C_08,D_08",,,,
514dot3615,C09,P14-20190902,0.4,0.100,"A_09,B_09,C_09,D_09",,,,
514dot3623,C10,P14-20190902,0.4,0.100,"A_10,B_10,C_10,D_10",,,,
514dot3631,C11,P14-20190902,0.4,0.100,"A_11,B_11,C_11,D_11",,,,
 none,C12,P14-20190902,0.4,0.100,"A_12,B_12,C_12,D_12",,,,
 none,D01,P14-20190902,0.4,0.100,"E_01,F_01,G_01,H_01",,,,
514dot3568,D02,P14-20190902,0.4,0.100,"E_02,F_02,G_02,H_02",,,,
514dot3576,D03,P14-20190902,0.4,0.100,"E_03,F_03,G_03,H_03",,,,
514dot3584,D04,P14-20190902,0.4,0.100,"E_04,F_04,G_04,H_04",,,,
514dot3592,D05,P14-20190902,0.4,0.100,"E_05,F_05,G_05,H_05",,,,
514dot1,D06,P14-20190902,0.4,0.100,"E_06,F_06,G_06,H_06",,,,
514dot3600,D07,P14-20190902,0.4,0.100,"E_07,F_07,G_07,H_07",,,,
514dot3608,D08,P14-20190902,0.4,0.100,"E_08,F_08,G_08,H_08",,,,
514dot3616,D09,P14-20190902,0.4,0.100,"E_09,F_09,G_09,H_09",,,,
514dot3624,D10,P14-20190902,0.4,0.100,"E_10,F_10,G_10,H_10",,,,
514dot3632,D11,P14-20190902,0.4,0.100,"E_11,F_11,G_11,H_11",,,,
 none,D12,P14-20190902,0.4,0.100,"E_12,F_12,G_12,H_12",,,,
 none,E01,P15-20190902,0.4,0.100,"A_01,B_01,C_01,D_01",,,,
514dot3569,E02,P15-20190902,0.4,0.100,"A_02,B_02,C_02,D_02",,,,
514dot3577,E03,P15-20190902,0.4,0.100,"A_03,B_03,C_03,D_03",,,,
514dot3585,E04,P15-20190902,0.4,0.100,"A_04,B_04,C_04,D_04",,,,
514dot3593,E05,P15-20190902,0.4,0.100,"A_05,B_05,C_05,D_05",,,,
514dot1,E06,P15-20190902,0.4,0.100,"A_06,B_06,C_06,D_06",,,,
514dot3601,E07,P15-20190902,0.4,0.100,"A_07,B_07,C_07,D_07",,,,
514dot3609,E08,P15-20190902,0.4,0.100,"A_08,B_08,C_08,D_08",,,,
514dot3617,E09,P15-20190902,0.4,0.100,"A_09,B_09,C_09,D_09",,,,
514dot3625,E10,P15-20190902,0.4,0.100,"A_10,B_10,C_10,D_10",,,,
514dot3633,E11,P15-20190902,0.4,0.100,"A_11,B_11,C_11,D_11",,,,
 none,E12,P15-20190902,0.4,0.100,"A_12,B_12,C_12,D_12",,,,
 none,F01,P15-20190902,0.4,0.100,"E_01,F_01,G_01,H_01",,,,
514dot3570,F02,P15-20190902,0.4,0.100,"E_02,F_02,G_02,H_02",,,,
514dot3578,F03,P15-20190902,0.4,0.100,"E_03,F_03,G_03,H_03",,,,
514dot3586,F04,P15-20190902,0.4,0.100,"E_04,F_04,G_04,H_04",,,,
514dot3594,F05,P15-20190902,0.4,0.100,"E_05,F_05,G_05,H_05",,,,
514dot1,F06,P15-20190902,0.4,0.100,"E_06,F_06,G_06,H_06",,,,
514dot3602,F07,P15-20190902,0.4,0.100,"E_07,F_07,G_07,H_07",,,,
514dot3610,F08,P15-20190902,0.4,0.100,"E_08,F_08,G_08,H_08",,,,
514dot3618,F09,P15-20190902,0.4,0.100,"E_09,F_09,G_09,H_09",,,,
514dot3626,F10,P15-20190902,0.4,0.100,"E_10,F_10,G_10,H_10",,,,
514dot3634,F11,P15-20190902,0.4,0.100,"E_11,F_11,G_11,H_11",,,,
 none,F12,P15-20190902,0.4,0.100,"E_12,F_12,G_12,H_12",,,,
 none,G01,P16-20190902,0.4,0.100,"A_01,B_01,C_01,D_01",,,,
514dot3571,G02,P16-20190902,0.4,0.100,"A_02,B_02,C_02,D_02",,,,
514dot3579,G03,P16-20190902,0.4,0.100,"A_03,B_03,C_03,D_03",,,,
514dot3587,G04,P16-20190902,0.4,0.100,"A_04,B_04,C_04,D_04",,,,
514dot3595,G05,P16-20190902,0.4,0.100,"A_05,B_05,C_05,D_05",,,,
514dot1,G06,P16-20190902,0.4,0.100,"A_06,B_06,C_06,D_06",,,,
514dot3603,G07,P16-20190902,0.4,0.100,"A_07,B_07,C_07,D_07",,,,
514dot3611,G08,P16-20190902,0.4,0.100,"A_08,B_08,C_08,D_08",,,,
514dot3619,G09,P16-20190902,0.4,0.100,"A_09,B_09,C_09,D_09",,,,
514dot3627,G10,P16-20190902,0.4,0.100,"A_10,B_10,C_10,D_10",,,,
514dot3635,G11,P16-20190902,0.4,0.100,"A_11,B_11,C_11,D_11",,,,
 none,G12,P16-20190902,0.4,0.100,"A_12,B_12,C_12,D_12",,,,
 none,H01,P16-20190902,0.4,0.100,"E_01,F_01,G_01,H_01",,,,
514dot3572,H02,P16-20190902,0.4,0.100,"E_02,F_02,G_02,H_02",,,,
514dot3580,H03,P16-20190902,0.4,0.100,"E_03,F_03,G_03,H_03",,,,
514dot3588,H04,P16-20190902,0.4,0.100,"E_04,F_04,G_04,H_04",,,,
514dot3596,H05,P16-20190902,0.4,0.100,"E_05,F_05,G_05,H_05",,,,
514dot1,H06,P16-20190902,0.4,0.100,"E_06,F_06,G_06,H_06",,,,
514dot3604,H07,P16-20190902,0.4,0.100,"E_07,F_07,G_07,H_07",,,,
514dot3612,H08,P16-20190902,0.4,0.100,"E_08,F_08,G_08,H_08",,,,
514dot3620,H09,P16-20190902,0.4,0.100,"E_09,F_09,G_09,H_09",,,,
514dot3628,H10,P16-20190902,0.4,0.100,"E_10,F_10,G_10,H_10",,,,
514dot3636,H11,P16-20190902,0.4,0.100,"E_11,F_11,G_11,H_11",,,,
 none,H12,P16-20190902,0.4,0.100,"E_12,F_12,G_12,H_12",,,,
none,A01,P17-20190902,0.4,0.100,"A_01,B_01,C_01,D_01",,,,
514dot2817,A02,P17-20190902,0.4,0.100,"A_02,B_02,C_02,D_02",,,,
514dot2825,A03,P17-20190902,0.4,0.100,"A_03,B_03,C_03,D_03",,,,
514dot2833,A04,P17-20190902,0.4,0.100,"A_04,B_04,C_04,D_04",,,,
514dot2913,A05,P17-20190902,0.4,0.100,"A_05,B_05,C_05,D_05",,,,
514dot1,A06,P17-20190902,0.4,0.100,"A_06,B_06,C_06,D_06",,,,
514dot2921,A07,P17-20190902,0.4,0.100,"A_07,B_07,C_07,D_07",,,,
514dot2929,A08,P17-20190902,0.4,0.100,"A_08,B_08,C_08,D_08",,,,
514dot2999,A09,P17-20190902,0.4,0.100,"A_09,B_09,C_09,D_09",,,,
514dot2937,A10,P17-20190902,0.4,0.100,"A_10,B_10,C_10,D_10",,,,
514dot2953,A11,P17-20190902,0.4,0.100,"A_11,B_11,C_11,D_11",,,,
none,A12,P17-20190902,0.4,0.100,"A_12,B_12,C_12,D_12",,,,
none,B01,P17-20190902,0.4,0.100,"E_01,F_01,G_01,H_01",,,,
514dot2818,B02,P17-20190902,0.4,0.100,"E_02,F_02,G_02,H_02",,,,
514dot2826,B03,P17-20190902,0.4,0.100,"E_03,F_03,G_03,H_03",,,,
514dot2834,B04,P17-20190902,0.4,0.100,"E_04,F_04,G_04,H_04",,,,
514dot2914,B05,P17-20190902,0.4,0.100,"E_05,F_05,G_05,H_05",,,,
514dot1,B06,P17-20190902,0.4,0.100,"E_06,F_06,G_06,H_06",,,,
514dot2922,B07,P17-20190902,0.4,0.100,"E_07,F_07,G_07,H_07",,,,
514dot2930,B08,P17-20190902,0.4,0.100,"E_08,F_08,G_08,H_08",,,,
514dot3000,B09,P17-20190902,0.4,0.100,"E_09,F_09,G_09,H_09",,,,
514dot2938,B10,P17-20190902,0.4,0.100,"E_10,F_10,G_10,H_10",,,,
514dot2954,B11,P17-20190902,0.4,0.100,"E_11,F_11,G_11,H_11",,,,
none,B12,P17-20190902,0.4,0.100,"E_12,F_12,G_12,H_12",,,,
none,C01,P18-20190902,0.4,0.100,"A_01,B_01,C_01,D_01",,,,
514dot2819,C02,P18-20190902,0.4,0.100,"A_02,B_02,C_02,D_02",,,,
514dot2827,C03,P18-20190902,0.4,0.100,"A_03,B_03,C_03,D_03",,,,
514dot2835,C04,P18-20190902,0.4,0.100,"A_04,B_04,C_04,D_04",,,,
514dot2915,C05,P18-20190902,0.4,0.100,"A_05,B_05,C_05,D_05",,,,
514dot1,C06,P18-20190902,0.4,0.100,"A_06,B_06,C_06,D_06",,,,
514dot2923,C07,P18-20190902,0.4,0.100,"A_07,B_07,C_07,D_07",,,,
514dot2931,C08,P18-20190902,0.4,0.100,"A_08,B_08,C_08,D_08",,,,
514dot3001,C09,P18-20190902,0.4,0.100,"A_09,B_09,C_09,D_09",,,,
514dot2939,C10,P18-20190902,0.4,0.100,"A_10,B_10,C_10,D_10",,,,
514dot2955,C11,P18-20190902,0.4,0.100,"A_11,B_11,C_11,D_11",,,,
none,C12,P18-20190902,0.4,0.100,"A_12,B_12,C_12,D_12",,,,
none,D01,P18-20190902,0.4,0.100,"E_01,F_01,G_01,H_01",,,,
514dot2820,D02,P18-20190902,0.4,0.100,"E_02,F_02,G_02,H_02",,,,
514dot2828,D03,P18-20190902,0.4,0.100,"E_03,F_03,G_03,H_03",,,,
514dot2836,D04,P18-20190902,0.4,0.100,"E_04,F_04,G_04,H_04",,,,
514dot2916,D05,P18-20190902,0.4,0.100,"E_05,F_05,G_05,H_05",,,,
514dot1,D06,P18-20190902,0.4,0.100,"E_06,F_06,G_06,H_06",,,,
514dot2924,D07,P18-20190902,0.4,0.100,"E_07,F_07,G_07,H_07",,,,
514dot2932,D08,P18-20190902,0.4,0.100,"E_08,F_08,G_08,H_08",,,,
514dot3002,D09,P18-20190902,0.4,0.100,"E_09,F_09,G_09,H_09",,,,
514dot2940,D10,P18-20190902,0.4,0.100,"E_10,F_10,G_10,H_10",,,,
514dot2956,D11,P18-20190902,0.4,0.100,"E_11,F_11,G_11,H_11",,,,
none,D12,P18-20190902,0.4,0.100,"E_12,F_12,G_12,H_12",,,,
none,E01,P19-20190902,0.4,0.100,"A_01,B_01,C_01,D_01",,,,
514dot2959,E02,P19-20190902,0.4,0.100,"A_02,B_02,C_02,D_02",,,,
514dot2967,E03,P19-20190902,0.4,0.100,"A_03,B_03,C_03,D_03",,,,
514dot2975,E04,P19-20190902,0.4,0.100,"A_04,B_04,C_04,D_04",,,,
514dot2983,E05,P19-20190902,0.4,0.100,"A_05,B_05,C_05,D_05",,,,
514dot1,E06,P19-20190902,0.4,0.100,"A_06,B_06,C_06,D_06",,,,
514dot2991,E07,P19-20190902,0.4,0.100,"A_07,B_07,C_07,D_07",,,,
514dot2999,E08,P19-20190902,0.4,0.100,"A_08,B_08,C_08,D_08",,,,
514dot3007,E09,P19-20190902,0.4,0.100,"A_09,B_09,C_09,D_09",,,,
514dot3015,E10,P19-20190902,0.4,0.100,"A_10,B_10,C_10,D_10",,,,
514dot3023,E11,P19-20190902,0.4,0.100,"A_11,B_11,C_11,D_11",,,,
none,E12,P19-20190902,0.4,0.100,"A_12,B_12,C_12,D_12",,,,
none,F01,P19-20190902,0.4,0.100,"E_01,F_01,G_01,H_01",,,,
514dot2960,F02,P19-20190902,0.4,0.100,"E_02,F_02,G_02,H_02",,,,
514dot2968,F03,P19-20190902,0.4,0.100,"E_03,F_03,G_03,H_03",,,,
514dot2976,F04,P19-20190902,0.4,0.100,"E_04,F_04,G_04,H_04",,,,
514dot2984,F05,P19-20190902,0.4,0.100,"E_05,F_05,G_05,H_05",,,,
514dot1,F06,P19-20190902,0.4,0.100,"E_06,F_06,G_06,H_06",,,,
514dot2992,F07,P19-20190902,0.4,0.100,"E_07,F_07,G_07,H_07",,,,
514dot3000,F08,P19-20190902,0.4,0.100,"E_08,F_08,G_08,H_08",,,,
514dot3008,F09,P19-20190902,0.4,0.100,"E_09,F_09,G_09,H_09",,,,
514dot3016,F10,P19-20190902,0.4,0.100,"E_10,F_10,G_10,H_10",,,,
514dot3024,F11,P19-20190902,0.4,0.100,"E_11,F_11,G_11,H_11",,,,
none,F12,P19-20190902,0.4,0.100,"E_12,F_12,G_12,H_12",,,,
none,G01,P20-20190902,0.4,0.100,"A_01,B_01,C_01,D_01",,,,
514dot2961,G02,P20-20190902,0.4,0.100,"A_02,B_02,C_02,D_02",,,,
514dot2969,G03,P20-20190902,0.4,0.100,"A_03,B_03,C_03,D_03",,,,
514dot2977,G04,P20-20190902,0.4,0.100,"A_04,B_04,C_04,D_04",,,,
514dot2985,G05,P20-20190902,0.4,0.100,"A_05,B_05,C_05,D_05",,,,
514dot1,G06,P20-20190902,0.4,0.100,"A_06,B_06,C_06,D_06",,,,
514dot2993,G07,P20-20190902,0.4,0.100,"A_07,B_07,C_07,D_07",,,,
514dot3001,G08,P20-20190902,0.4,0.100,"A_08,B_08,C_08,D_08",,,,
514dot3009,G09,P20-20190902,0.4,0.100,"A_09,B_09,C_09,D_09",,,,
514dot3017,G10,P20-20190902,0.4,0.100,"A_10,B_10,C_10,D_10",,,,
514dot3025,G11,P20-20190902,0.4,0.100,"A_11,B_11,C_11,D_11",,,,
none,G12,P20-20190902,0.4,0.100,"A_12,B_12,C_12,D_12",,,,
none,H01,P20-20190902,0.4,0.100,"E_01,F_01,G_01,H_01",,,,
514dot2962,H02,P20-20190902,0.4,0.100,"E_02,F_02,G_02,H_02",,,,
514dot2970,H03,P20-20190902,0.4,0.100,"E_03,F_03,G_03,H_03",,,,
514dot2978,H04,P20-20190902,0.4,0.100,"E_04,F_04,G_04,H_04",,,,
514dot2986,H05,P20-20190902,0.4,0.100,"E_05,F_05,G_05,H_05",,,,
514dot1,H06,P20-20190902,0.4,0.100,"E_06,F_06,G_06,H_06",,,,
514dot2994,H07,P20-20190902,0.4,0.100,"E_07,F_07,G_07,H_07",,,,
514dot3002,H08,P20-20190902,0.4,0.100,"E_08,F_08,G_08,H_08",,,,
514dot3010,H09,P20-20190902,0.4,0.100,"E_09,F_09,G_09,H_09",,,,
514dot3018,H10,P20-20190902,0.4,0.100,"E_10,F_10,G_10,H_10",,,,
514dot3026,H11,P20-20190902,0.4,0.100,"E_11,F_11,G_11,H_11",,,,
none,H12,P20-20190902,0.4,0.100,"E_12,F_12,G_12,H_12",,,,
none,A01,P21-20190902,0.4,0.100,"A_01,B_01,C_01,D_01",,,,
514dot2963,A02,P21-20190902,0.4,0.100,"A_02,B_02,C_02,D_02",,,,
514dot2971,A03,P21-20190902,0.4,0.100,"A_03,B_03,C_03,D_03",,,,
514dot2979,A04,P21-20190902,0.4,0.100,"A_04,B_04,C_04,D_04",,,,
514dot2987,A05,P21-20190902,0.4,0.100,"A_05,B_05,C_05,D_05",,,,
514dot1,A06,P21-20190902,0.4,0.100,"A_06,B_06,C_06,D_06",,,,
514dot2995,A07,P21-20190902,0.4,0.100,"A_07,B_07,C_07,D_07",,,,
514dot3003,A08,P21-20190902,0.4,0.100,"A_08,B_08,C_08,D_08",,,,
514dot3071,A09,P21-20190902,0.4,0.100,"A_09,B_09,C_09,D_09",,,,
514dot3011,A10,P21-20190902,0.4,0.100,"A_10,B_10,C_10,D_10",,,,
514dot3027,A11,P21-20190902,0.4,0.100,"A_11,B_11,C_11,D_11",,,,
none,A12,P21-20190902,0.4,0.100,"A_12,B_12,C_12,D_12",,,,
none,B01,P21-20190902,0.4,0.100,"E_01,F_01,G_01,H_01",,,,
514dot2964,B02,P21-20190902,0.4,0.100,"E_02,F_02,G_02,H_02",,,,
514dot2972,B03,P21-20190902,0.4,0.100,"E_03,F_03,G_03,H_03",,,,
514dot2980,B04,P21-20190902,0.4,0.100,"E_04,F_04,G_04,H_04",,,,
514dot2988,B05,P21-20190902,0.4,0.100,"E_05,F_05,G_05,H_05",,,,
514dot1,B06,P21-20190902,0.4,0.100,"E_06,F_06,G_06,H_06",,,,
514dot2996,B07,P21-20190902,0.4,0.100,"E_07,F_07,G_07,H_07",,,,
514dot3004,B08,P21-20190902,0.4,0.100,"E_08,F_08,G_08,H_08",,,,
514dot3072,B09,P21-20190902,0.4,0.100,"E_09,F_09,G_09,H_09",,,,
514dot3012,B10,P21-20190902,0.4,0.100,"E_10,F_10,G_10,H_10",,,,
514dot3028,B11,P21-20190902,0.4,0.100,"E_11,F_11,G_11,H_11",,,,
none,B12,P21-20190902,0.4,0.100,"E_12,F_12,G_12,H_12",,,,
none,C01,P22-20190902,0.4,0.100,"A_01,B_01,C_01,D_01",,,,
514dot3029,C02,P22-20190902,0.4,0.100,"A_02,B_02,C_02,D_02",,,,
514dot3037,C03,P22-20190902,0.4,0.100,"A_03,B_03,C_03,D_03",,,,
514dot3045,C04,P22-20190902,0.4,0.100,"A_04,B_04,C_04,D_04",,,,
514dot3053,C05,P22-20190902,0.4,0.100,"A_05,B_05,C_05,D_05",,,,
514dot1,C06,P22-20190902,0.4,0.100,"A_06,B_06,C_06,D_06",,,,
514dot3061,C07,P22-20190902,0.4,0.100,"A_07,B_07,C_07,D_07",,,,
514dot3069,C08,P22-20190902,0.4,0.100,"A_08,B_08,C_08,D_08",,,,
514dot3073,C09,P22-20190902,0.4,0.100,"A_09,B_09,C_09,D_09",,,,
514dot3077,C10,P22-20190902,0.4,0.100,"A_10,B_10,C_10,D_10",,,,
514dot3093,C11,P22-20190902,0.4,0.100,"A_11,B_11,C_11,D_11",,,,
none,C12,P22-20190902,0.4,0.100,"A_12,B_12,C_12,D_12",,,,
none,D01,P22-20190902,0.4,0.100,"E_01,F_01,G_01,H_01",,,,
514dot3030,D02,P22-20190902,0.4,0.100,"E_02,F_02,G_02,H_02",,,,
514dot3038,D03,P22-20190902,0.4,0.100,"E_03,F_03,G_03,H_03",,,,
514dot3046,D04,P22-20190902,0.4,0.100,"E_04,F_04,G_04,H_04",,,,
514dot3054,D05,P22-20190902,0.4,0.100,"E_05,F_05,G_05,H_05",,,,
514dot1,D06,P22-20190902,0.4,0.100,"E_06,F_06,G_06,H_06",,,,
514dot3062,D07,P22-20190902,0.4,0.100,"E_07,F_07,G_07,H_07",,,,
514dot3070,D08,P22-20190902,0.4,0.100,"E_08,F_08,G_08,H_08",,,,
514dot3074,D09,P22-20190902,0.4,0.100,"E_09,F_09,G_09,H_09",,,,
514dot3078,D10,P22-20190902,0.4,0.100,"E_10,F_10,G_10,H_10",,,,
514dot3094,D11,P22-20190902,0.4,0.100,"E_11,F_11,G_11,H_11",,,,
none,D12,P22-20190902,0.4,0.100,"E_12,F_12,G_12,H_12",,,,
none,E01,P23-20190902,0.4,0.100,"A_01,B_01,C_01,D_01",,,,
514dot3031,E02,P23-20190902,0.4,0.100,"A_02,B_02,C_02,D_02",,,,
514dot3039,E03,P23-20190902,0.4,0.100,"A_03,B_03,C_03,D_03",,,,
514dot3047,E04,P23-20190902,0.4,0.100,"A_04,B_04,C_04,D_04",,,,
514dot3055,E05,P23-20190902,0.4,0.100,"A_05,B_05,C_05,D_05",,,,
514dot1,E06,P23-20190902,0.4,0.100,"A_06,B_06,C_06,D_06",,,,
514dot3063,E07,P23-20190902,0.4,0.100,"A_07,B_07,C_07,D_07",,,,
514dot3071,E08,P23-20190902,0.4,0.100,"A_08,B_08,C_08,D_08",,,,
514dot3079,E09,P23-20190902,0.4,0.100,"A_09,B_09,C_09,D_09",,,,
514dot3087,E10,P23-20190902,0.4,0.100,"A_10,B_10,C_10,D_10",,,,
514dot3095,E11,P23-20190902,0.4,0.100,"A_11,B_11,C_11,D_11",,,,
none,E12,P23-20190902,0.4,0.100,"A_12,B_12,C_12,D_12",,,,
none,F01,P23-20190902,0.4,0.100,"E_01,F_01,G_01,H_01",,,,
514dot3032,F02,P23-20190902,0.4,0.100,"E_02,F_02,G_02,H_02",,,,
514dot3040,F03,P23-20190902,0.4,0.100,"E_03,F_03,G_03,H_03",,,,
514dot3048,F04,P23-20190902,0.4,0.100,"E_04,F_04,G_04,H_04",,,,
514dot3056,F05,P23-20190902,0.4,0.100,"E_05,F_05,G_05,H_05",,,,
514dot1,F06,P23-20190902,0.4,0.100,"E_06,F_06,G_06,H_06",,,,
514dot3064,F07,P23-20190902,0.4,0.100,"E_07,F_07,G_07,H_07",,,,
514dot3072,F08,P23-20190902,0.4,0.100,"E_08,F_08,G_08,H_08",,,,
514dot3080,F09,P23-20190902,0.4,0.100,"E_09,F_09,G_09,H_09",,,,
514dot3088,F10,P23-20190902,0.4,0.100,"E_10,F_10,G_10,H_10",,,,
514dot3096,F11,P23-20190902,0.4,0.100,"E_11,F_11,G_11,H_11",,,,
none,F12,P23-20190902,0.4,0.100,"E_12,F_12,G_12,H_12",,,,
none,G01,P24-20190902,0.4,0.100,"A_01,B_01,C_01,D_01",,,,
514dot3033,G02,P24-20190902,0.4,0.100,"A_02,B_02,C_02,D_02",,,,
514dot3041,G03,P24-20190902,0.4,0.100,"A_03,B_03,C_03,D_03",,,,
514dot3049,G04,P24-20190902,0.4,0.100,"A_04,B_04,C_04,D_04",,,,
514dot3057,G05,P24-20190902,0.4,0.100,"A_05,B_05,C_05,D_05",,,,
514dot1,G06,P24-20190902,0.4,0.100,"A_06,B_06,C_06,D_06",,,,
514dot3065,G07,P24-20190902,0.4,0.100,"A_07,B_07,C_07,D_07",,,,
514dot3073,G08,P24-20190902,0.4,0.100,"A_08,B_08,C_08,D_08",,,,
514dot3081,G09,P24-20190902,0.4,0.100,"A_09,B_09,C_09,D_09",,,,
514dot3089,G10,P24-20190902,0.4,0.100,"A_10,B_10,C_10,D_10",,,,
514dot3097,G11,P24-20190902,0.4,0.100,"A_11,B_11,C_11,D_11",,,,
none,G12,P24-20190902,0.4,0.100,"A_12,B_12,C_12,D_12",,,,
none,H01,P24-20190902,0.4,0.100,"E_01,F_01,G_01,H_01",,,,
514dot3034,H02,P24-20190902,0.4,0.100,"E_02,F_02,G_02,H_02",,,,
514dot3042,H03,P24-20190902,0.4,0.100,"E_03,F_03,G_03,H_03",,,,
514dot3050,H04,P24-20190902,0.4,0.100,"E_04,F_04,G_04,H_04",,,,
514dot3058,H05,P24-20190902,0.4,0.100,"E_05,F_05,G_05,H_05",,,,
514dot1,H06,P24-20190902,0.4,0.100,"E_06,F_06,G_06,H_06",,,,
514dot3066,H07,P24-20190902,0.4,0.100,"E_07,F_07,G_07,H_07",,,,
514dot3074,H08,P24-20190902,0.4,0.100,"E_08,F_08,G_08,H_08",,,,
514dot3082,H09,P24-20190902,0.4,0.100,"E_09,F_09,G_09,H_09",,,,
514dot3090,H10,P24-20190902,0.4,0.100,"E_10,F_10,G_10,H_10",,,,
514dot3098,H11,P24-20190902,0.4,0.100,"E_11,F_11,G_11,H_11",,,,
none,H12,P24-20190902,0.4,0.100,"E_12,F_12,G_12,H_12",,,,
,A01,P25-20190902,0.4,0.100,"A_01,B_01,C_01,D_01",,,,
,A02,P25-20190902,0.4,0.100,"A_02,B_02,C_02,D_02",,,,
,A03,P25-20190902,0.4,0.100,"A_03,B_03,C_03,D_03",,,,
,A04,P25-20190902,0.4,0.100,"A_04,B_04,C_04,D_04",,,,
,A05,P25-20190902,0.4,0.100,"A_05,B_05,C_05,D_05",,,,
,A06,P25-20190902,0.4,0.100,"A_06,B_06,C_06,D_06",,,,
,A07,P25-20190902,0.4,0.100,"A_07,B_07,C_07,D_07",,,,
,A08,P25-20190902,0.4,0.100,"A_08,B_08,C_08,D_08",,,,
,A09,P25-20190902,0.4,0.100,"A_09,B_09,C_09,D_09",,,,
,A10,P25-20190902,0.4,0.100,"A_10,B_10,C_10,D_10",,,,
,A11,P25-20190902,0.4,0.100,"A_11,B_11,C_11,D_11",,,,
,A12,P25-20190902,0.4,0.100,"A_12,B_12,C_12,D_12",,,,
,B01,P25-20190902,0.4,0.100,"E_01,F_01,G_01,H_01",,,,
,B02,P25-20190902,0.4,0.100,"E_02,F_02,G_02,H_02",,,,
,B03,P25-20190902,0.4,0.100,"E_03,F_03,G_03,H_03",,,,
,B04,P25-20190902,0.4,0.100,"E_04,F_04,G_04,H_04",,,,
,B05,P25-20190902,0.4,0.100,"E_05,F_05,G_05,H_05",,,,
,B06,P25-20190902,0.4,0.100,"E_06,F_06,G_06,H_06",,,,
,B07,P25-20190902,0.4,0.100,"E_07,F_07,G_07,H_07",,,,
,B08,P25-20190902,0.4,0.100,"E_08,F_08,G_08,H_08",,,,
,B09,P25-20190902,0.4,0.100,"E_09,F_09,G_09,H_09",,,,
,B10,P25-20190902,0.4,0.100,"E_10,F_10,G_10,H_10",,,,
,B11,P25-20190902,0.4,0.100,"E_11,F_11,G_11,H_11",,,,
,B12,P25-20190902,0.4,0.100,"E_12,F_12,G_12,H_12",,,,
,C01,P26-20190902,0.4,0.100,"A_01,B_01,C_01,D_01",,,,
,C02,P26-20190902,0.4,0.100,"A_02,B_02,C_02,D_02",,,,
,C03,P26-20190902,0.4,0.100,"A_03,B_03,C_03,D_03",,,,
,C04,P26-20190902,0.4,0.100,"A_04,B_04,C_04,D_04",,,,
,C05,P26-20190902,0.4,0.100,"A_05,B_05,C_05,D_05",,,,
,C06,P26-20190902,0.4,0.100,"A_06,B_06,C_06,D_06",,,,
,C07,P26-20190902,0.4,0.100,"A_07,B_07,C_07,D_07",,,,
,C08,P26-20190902,0.4,0.100,"A_08,B_08,C_08,D_08",,,,
,C09,P26-20190902,0.4,0.100,"A_09,B_09,C_09,D_09",,,,
,C10,P26-20190902,0.4,0.100,"A_10,B_10,C_10,D_10",,,,
,C11,P26-20190902,0.4,0.100,"A_11,B_11,C_11,D_11",,,,
,C12,P26-20190902,0.4,0.100,"A_12,B_12,C_12,D_12",,,,
,D01,P26-20190902,0.4,0.100,"E_01,F_01,G_01,H_01",,,,
,D02,P26-20190902,0.4,0.100,"E_02,F_02,G_02,H_02",,,,
,D03,P26-20190902,0.4,0.100,"E_03,F_03,G_03,H_03",,,,
,D04,P26-20190902,0.4,0.100,"E_04,F_04,G_04,H_04",,,,
,D05,P26-20190902,0.4,0.100,"E_05,F_05,G_05,H_05",,,,
,D06,P26-20190902,0.4,0.100,"E_06,F_06,G_06,H_06",,,,
,D07,P26-20190902,0.4,0.100,"E_07,F_07,G_07,H_07",,,,
,D08,P26-20190902,0.4,0.100,"E_08,F_08,G_08,H_08",,,,
,D09,P26-20190902,0.4,0.100,"E_09,F_09,G_09,H_09",,,,
,D10,P26-20190902,0.4,0.100,"E_10,F_10,G_10,H_10",,,,
,D11,P26-20190902,0.4,0.100,"E_11,F_11,G_11,H_11",,,,
,D12,P26-20190902,0.4,0.100,"E_12,F_12,G_12,H_12",,,,
,E01,P27-20190902,0.4,0.100,"A_01,B_01,C_01,D_01",,,,
,E02,P27-20190902,0.4,0.100,"A_02,B_02,C_02,D_02",,,,
,E03,P27-20190902,0.4,0.100,"A_03,B_03,C_03,D_03",,,,
,E04,P27-20190902,0.4,0.100,"A_04,B_04,C_04,D_04",,,,
,E05,P27-20190902,0.4,0.100,"A_05,B_05,C_05,D_05",,,,
,E06,P27-20190902,0.4,0.100,"A_06,B_06,C_06,D_06",,,,
,E07,P27-20190902,0.4,0.100,"A_07,B_07,C_07,D_07",,,,
,E08,P27-20190902,0.4,0.100,"A_08,B_08,C_08,D_08",,,,
,E09,P27-20190902,0.4,0.100,"A_09,B_09,C_09,D_09",,,,
,E10,P27-20190902,0.4,0.100,"A_10,B_10,C_10,D_10",,,,
,E11,P27-20190902,0.4,0.100,"A_11,B_11,C_11,D_11",,,,
,E12,P27-20190902,0.4,0.100,"A_12,B_12,C_12,D_12",,,,
,F01,P27-20190902,0.4,0.100,"E_01,F_01,G_01,H_01",,,,
,F02,P27-20190902,0.4,0.100,"E_02,F_02,G_02,H_02",,,,
,F03,P27-20190902,0.4,0.100,"E_03,F_03,G_03,H_03",,,,
,F04,P27-20190902,0.4,0.100,"E_04,F_04,G_04,H_04",,,,
,F05,P27-20190902,0.4,0.100,"E_05,F_05,G_05,H_05",,,,
,F06,P27-20190902,0.4,0.100,"E_06,F_06,G_06,H_06",,,,
,F07,P27-20190902,0.4,0.100,"E_07,F_07,G_07,H_07",,,,
,F08,P27-20190902,0.4,0.100,"E_08,F_08,G_08,H_08",,,,
,F09,P27-20190902,0.4,0.100,"E_09,F_09,G_09,H_09",,,,
,F10,P27-20190902,0.4,0.100,"E_10,F_10,G_10,H_10",,,,
,F11,P27-20190902,0.4,0.100,"E_11,F_11,G_11,H_11",,,,
,F12,P27-20190902,0.4,0.100,"E_12,F_12,G_12,H_12",,,,
,G01,P28-20190902,0.4,0.100,"A_01,B_01,C_01,D_01",,,,
,G02,P28-20190902,0.4,0.100,"A_02,B_02,C_02,D_02",,,,
,G03,P28-20190902,0.4,0.100,"A_03,B_03,C_03,D_03",,,,
,G04,P28-20190902,0.4,0.100,"A_04,B_04,C_04,D_04",,,,
,G05,P28-20190902,0.4,0.100,"A_05,B_05,C_05,D_05",,,,
,G06,P28-20190902,0.4,0.100,"A_06,B_06,C_06,D_06",,,,
,G07,P28-20190902,0.4,0.100,"A_07,B_07,C_07,D_07",,,,
,G08,P28-20190902,0.4,0.100,"A_08,B_08,C_08,D_08",,,,
,G09,P28-20190902,0.4,0.100,"A_09,B_09,C_09,D_09",,,,
,G10,P28-20190902,0.4,0.100,"A_10,B_10,C_10,D_10",,,,
,G11,P28-20190902,0.4,0.100,"A_11,B_11,C_11,D_11",,,,
,G12,P28-20190902,0.4,0.100,"A_12,B_12,C_12,D_12",,,,
,H01,P28-20190902,0.4,0.100,"E_01,F_01,G_01,H_01",,,,
,H02,P28-20190902,0.4,0.100,"E_02,F_02,G_02,H_02",,,,
,H03,P28-20190902,0.4,0.100,"E_03,F_03,G_03,H_03",,,,
,H04,P28-20190902,0.4,0.100,"E_04,F_04,G_04,H_04",,,,
,H05,P28-20190902,0.4,0.100,"E_05,F_05,G_05,H_05",,,,
,H06,P28-20190902,0.4,0.100,"E_06,F_06,G_06,H_06",,,,
,H07,P28-20190902,0.4,0.100,"E_07,F_07,G_07,H_07",,,,
,H08,P28-20190902,0.4,0.100,"E_08,F_08,G_08,H_08",,,,
,H09,P28-20190902,0.4,0.100,"E_09,F_09,G_09,H_09",,,,
,H10,P28-20190902,0.4,0.100,"E_10,F_10,G_10,H_10",,,,
,H11,P28-20190902,0.4,0.100,"E_11,F_11,G_11,H_11",,,,
,H12,P28-20190902,0.4,0.100,"E_12,F_12,G_12,H_12",,,,
Empty,A01,P29-20190902,0.4,0.100,"A_01,B_01,C_01,D_01",,,,
Empty,A02,P29-20190902,0.4,0.100,"A_02,B_02,C_02,D_02",,,,
Empty,A03,P29-20190902,0.4,0.100,"A_03,B_03,C_03,D_03",,,,
Empty,A04,P29-20190902,0.4,0.100,"A_04,B_04,C_04,D_04",,,,
Empty,A05,P29-20190902,0.4,0.100,"A_05,B_05,C_05,D_05",,,,
Empty,A06,P29-20190902,0.4,0.100,"A_06,B_06,C_06,D_06",,,,
Empty,A07,P29-20190902,0.4,0.100,"A_07,B_07,C_07,D_07",,,,
Empty,A08,P29-20190902,0.4,0.100,"A_08,B_08,C_08,D_08",,,,
Empty,A09,P29-20190902,0.4,0.100,"A_09,B_09,C_09,D_09",,,,
Empty,A10,P29-20190902,0.4,0.100,"A_10,B_10,C_10,D_10",,,,
Empty,A11,P29-20190902,0.4,0.100,"A_11,B_11,C_11,D_11",,,,
Empty,A12,P29-20190902,0.4,0.100,"A_12,B_12,C_12,D_12",,,,
Empty,B01,P29-20190902,0.4,0.100,"E_01,F_01,G_01,H_01",,,,
Empty,B02,P29-20190902,0.4,0.100,"E_02,F_02,G_02,H_02",,,,
Empty,B03,P29-20190902,0.4,0.100,"E_03,F_03,G_03,H_03",,,,
Empty,B04,P29-20190902,0.4,0.100,"E_04,F_04,G_04,H_04",,,,
Empty,B05,P29-20190902,0.4,0.100,"E_05,F_05,G_05,H_05",,,,
Empty,B06,P29-20190902,0.4,0.100,"E_06,F_06,G_06,H_06",,,,
Empty,B07,P29-20190902,0.4,0.100,"E_07,F_07,G_07,H_07",,,,
Empty,B08,P29-20190902,0.4,0.100,"E_08,F_08,G_08,H_08",,,,
Empty,B09,P29-20190902,0.4,0.100,"E_09,F_09,G_09,H_09",,,,
Empty,B10,P29-20190902,0.4,0.100,"E_10,F_10,G_10,H_10",,,,
Empty,B11,P29-20190902,0.4,0.100,"E_11,F_11,G_11,H_11",,,,
Empty,B12,P29-20190902,0.4,0.100,"E_12,F_12,G_12,H_12",,,,
Empty,C01,P30-20190902,0.4,0.100,"A_01,B_01,C_01,D_01",,,,
Empty,C02,P30-20190902,0.4,0.100,"A_02,B_02,C_02,D_02",,,,
Empty,C03,P30-20190902,0.4,0.100,"A_03,B_03,C_03,D_03",,,,
Empty,C04,P30-20190902,0.4,0.100,"A_04,B_04,C_04,D_04",,,,
Empty,C05,P30-20190902,0.4,0.100,"A_05,B_05,C_05,D_05",,,,
Empty,C06,P30-20190902,0.4,0.100,"A_06,B_06,C_06,D_06",,,,
Empty,C07,P30-20190902,0.4,0.100,"A_07,B_07,C_07,D_07",,,,
Empty,C08,P30-20190902,0.4,0.100,"A_08,B_08,C_08,D_08",,,,
Empty,C09,P30-20190902,0.4,0.100,"A_09,B_09,C_09,D_09",,,,
Empty,C10,P30-20190902,0.4,0.100,"A_10,B_10,C_10,D_10",,,,
Empty,C11,P30-20190902,0.4,0.100,"A_11,B_11,C_11,D_11",,,,
Empty,C12,P30-20190902,0.4,0.100,"A_12,B_12,C_12,D_12",,,,
Empty,D01,P30-20190902,0.4,0.100,"E_01,F_01,G_01,H_01",,,,
Empty,D02,P30-20190902,0.4,0.100,"E_02,F_02,G_02,H_02",,,,
Empty,D03,P30-20190902,0.4,0.100,"E_03,F_03,G_03,H_03",,,,
Empty,D04,P30-20190902,0.4,0.100,"E_04,F_04,G_04,H_04",,,,
Empty,D05,P30-20190902,0.4,0.100,"E_05,F_05,G_05,H_05",,,,
Empty,D06,P30-20190902,0.4,0.100,"E_06,F_06,G_06,H_06",,,,
Empty,D07,P30-20190902,0.4,0.100,"E_07,F_07,G_07,H_07",,,,
Empty,D08,P30-20190902,0.4,0.100,"E_08,F_08,G_08,H_08",,,,
Empty,D09,P30-20190902,0.4,0.100,"E_09,F_09,G_09,H_09",,,,
Empty,D10,P30-20190902,0.4,0.100,"E_10,F_10,G_10,H_10",,,,
Empty,D11,P30-20190902,0.4,0.100,"E_11,F_11,G_11,H_11",,,,
Empty,D12,P30-20190902,0.4,0.100,"E_12,F_12,G_12,H_12",,,,
Empty,E01,P31-20190902,0.4,0.100,"A_01,B_01,C_01,D_01",,,,
Empty,E02,P31-20190902,0.4,0.100,"A_02,B_02,C_02,D_02",,,,
Empty,E03,P31-20190902,0.4,0.100,"A_03,B_03,C_03,D_03",,,,
Empty,E04,P31-20190902,0.4,0.100,"A_04,B_04,C_04,D_04",,,,
Empty,E05,P31-20190902,0.4,0.100,"A_05,B_05,C_05,D_05",,,,
Empty,E06,P31-20190902,0.4,0.100,"A_06,B_06,C_06,D_06",,,,
Empty,E07,P31-20190902,0.4,0.100,"A_07,B_07,C_07,D_07",,,,
Empty,E08,P31-20190902,0.4,0.100,"A_08,B_08,C_08,D_08",,,,
Empty,E09,P31-20190902,0.4,0.100,"A_09,B_09,C_09,D_09",,,,
Empty,E10,P31-20190902,0.4,0.100,"A_10,B_10,C_10,D_10",,,,
Empty,E11,P31-20190902,0.4,0.100,"A_11,B_11,C_11,D_11",,,,
Empty,E12,P31-20190902,0.4,0.100,"A_12,B_12,C_12,D_12",,,,
Empty,F01,P31-20190902,0.4,0.100,"E_01,F_01,G_01,H_01",,,,
Empty,F02,P31-20190902,0.4,0.100,"E_02,F_02,G_02,H_02",,,,
Empty,F03,P31-20190902,0.4,0.100,"E_03,F_03,G_03,H_03",,,,
Empty,F04,P31-20190902,0.4,0.100,"E_04,F_04,G_04,H_04",,,,
Empty,F05,P31-20190902,0.4,0.100,"E_05,F_05,G_05,H_05",,,,
Empty,F06,P31-20190902,0.4,0.100,"E_06,F_06,G_06,H_06",,,,
Empty,F07,P31-20190902,0.4,0.100,"E_07,F_07,G_07,H_07",,,,
Empty,F08,P31-20190902,0.4,0.100,"E_08,F_08,G_08,H_08",,,,
Empty,F09,P31-20190902,0.4,0.100,"E_09,F_09,G_09,H_09",,,,
Empty,F10,P31-20190902,0.4,0.100,"E_10,F_10,G_10,H_10",,,,
Empty,F11,P31-20190902,0.4,0.100,"E_11,F_11,G_11,H_11",,,,
Empty,F12,P31-20190902,0.4,0.100,"E_12,F_12,G_12,H_12",,,,
Empty,G01,P32-20190902,0.4,0.100,"A_01,B_01,C_01,D_01",,,,
Empty,G02,P32-20190902,0.4,0.100,"A_02,B_02,C_02,D_02",,,,
Empty,G03,P32-20190902,0.4,0.100,"A_03,B_03,C_03,D_03",,,,
Empty,G04,P32-20190902,0.4,0.100,"A_04,B_04,C_04,D_04",,,,
Empty,G05,P32-20190902,0.4,0.100,"A_05,B_05,C_05,D_05",,,,
Empty,G06,P32-20190902,0.4,0.100,"A_06,B_06,C_06,D_06",,,,
Empty,G07,P32-20190902,0.4,0.100,"A_07,B_07,C_07,D_07",,,,
Empty,G08,P32-20190902,0.4,0.100,"A_08,B_08,C_08,D_08",,,,
Empty,G09,P32-20190902,0.4,0.100,"A_09,B_09,C_09,D_09",,,,
Empty,G10,P32-20190902,0.4,0.100,"A_10,B_10,C_10,D_10",,,,
Empty,G11,P32-20190902,0.4,0.100,"A_11,B_11,C_11,D_11",,,,
Empty,G12,P32-20190902,0.4,0.100,"A_12,B_12,C_12,D_12",,,,
Empty,H01,P32-20190902,0.4,0.100,"E_01,F_01,G_01,H_01",,,,
Empty,H02,P32-20190902,0.4,0.100,"E_02,F_02,G_02,H_02",,,,
Empty,H03,P32-20190902,0.4,0.100,"E_03,F_03,G_03,H_03",,,,
Empty,H04,P32-20190902,0.4,0.100,"E_04,F_04,G_04,H_04",,,,
Empty,H05,P32-20190902,0.4,0.100,"E_05,F_05,G_05,H_05",,,,
Empty,H06,P32-20190902,0.4,0.100,"E_06,F_06,G_06,H_06",,,,
Empty,H07,P32-20190902,0.4,0.100,"E_07,F_07,G_07,H_07",,,,
Empty,H08,P32-20190902,0.4,0.100,"E_08,F_08,G_08,H_08",,,,
Empty,H09,P32-20190902,0.4,0.100,"E_09,F_09,G_09,H_09",,,,
Empty,H10,P32-20190902,0.4,0.100,"E_10,F_10,G_10,H_10",,,,
Empty,H11,P32-20190902,0.4,0.100,"E_11,F_11,G_11,H_11",,,,
Empty,H12,P32-20190902,0.4,0.100,"E_12,F_12,G_12,H_12",,,,
,,,,,,,,,
,,,,,,,,,
,,,,,,,,,
,,,,,,,,,
,,,,,,,,,
,,,,,,,,,
,,,,,,,,,
,,,,,,,,,
,,,,,,,,,
,,,,,,,,,
,,,,,,,,,
,,,,,,,,,
,,,,,,,,,
,,,,,,,,,
,,,,,,,,,
,,,,,,,,,
,,,,,,,,,
,,,,,,,,,
,,,,,,,,,
,,,,,,,,,
,,,,,,,,,
,,,,,,,,,
,,,,,,,,,
,,,,,,,,,
,,,,,,,,,
,,,,,,,,,
,,,,,,,,,
,,,,,,,,,
,,,,,,,,,
,,,,,,,,,
,,,,,,,,,
,,,,,,,,,
,,,,,,,,,
,,,,,,,,,
,,,,,,,,,
,,,,,,,,,
,,,,,,,,,
,,,,,,,,,
,,,,,,,,,
,,,,,,,,,
,,,,,,,,,
,,,,,,,,,
,,,,,,,,,
,,,,,,,,,
,,,,,,,,,
,,,,,,,,,
,,,,,,,,,
,,,,,,,,,
,,,,,,,,,
,,,,,,,,,
,,,,,,,,,
,,,,,,,,,
,,,,,,,,,
,,,,,,,,,
,,,,,,,,,
,,,,,,,,,
,,,,,,,,,
,,,,,,,,,
,,,,,,,,,
,,,,,,,,,
,,,,,,,,,
,,,,,,,,,
,,,,,,,,,
,,,,,,,,,
,,,,,,,,,
,,,,,,,,,
,,,,,,,,,
,,,,,,,,,
,,,,,,,,,
,,,,,,,,,
,,,,,,,,,
,,,,,,,,,
,,,,,,,,,
,,,,,,,,,
,,,,,,,,,
,,,,,,,,,
,,,,,,,,,
,,,,,,,,,
,,,,,,,,,
,,,,,,,,,
,,,,,,,,,
,,,,,,,,,
,,,,,,,,,
,,,,,,,,,
,,,,,,,,,
,,,,,,,,,
,,,,,,,,,
,,,,,,,,,
,,,,,,,,,
,,,,,,,,,
,,,,,,,,,
,,,,,,,,,
,,,,,,,,,
,,,,,,,,,
,,,,,,,,,
,,,,,,,,,
,,,,,,,,,
,,,,,,,,,
,,,,,,,,,
,,,,,,,,,
,,,,,,,,,
,,,,,,,,,
,,,,,,,,,
,,,,,,,,,
,,,,,,,,,
,,,,,,,,,
,,,,,,,,,
,,,,,,,,,
,,,,,,,,,
,,,,,,,,,
,,,,,,,,,
,,,,,,,,,
,,,,,,,,,
,,,,,,,,,
,,,,,,,,,
,,,,,,,,,
,,,,,,,,,
,,,,,,,,,
,,,,,,,,,
,,,,,,,,,
,,,,,,,,,
,,,,,,,,,
,,,,,,,,,
,,,,,,,,,
,,,,,,,,,
,,,,,,,,,
,,,,,,,,,
,,,,,,,,,
,,,,,,,,,
,,,,,,,,,
,,,,,,,,,
,,,,,,,,,
,,,,,,,,,
,,,,,,,,,
,,,,,,,,,
,,,,,,,,,
,,,,,,,,,
,,,,,,,,,
,,,,,,,,,
,,,,,,,,,
,,,,,,,,,
,,,,,,,,,
,,,,,,,,,
,,,,,,,,,
,,,,,,,,,
,,,,,,,,,
,,,,,,,,,
,,,,,,,,,
,,,,,,,,,
,,,,,,,,,
,,,,,,,,,
,,,,,,,,,
,,,,,,,,,
,,,,,,,,,
,,,,,,,,,
,,,,,,,,,
,,,,,,,,,
,,,,,,,,,
,,,,,,,,,
,,,,,,,,,
,,,,,,,,,
,,,,,,,,,
,,,,,,,,,
,,,,,,,,,
,,,,,,,,,
,,,,,,,,,
,,,,,,,,,
,,,,,,,,,
,,,,,,,,,
,,,,,,,,,
,,,,,,,,,
,,,,,,,,,
,,,,,,,,,
,,,,,,,,,
,,,,,,,,,
,,,,,,,,,
,,,,,,,,,
,,,,,,,,,
,,,,,,,,,
,,,,,,,,,
,,,,,,,,,
,,,,,,,,,
,,,,,,,,,
,,,,,,,,,
,,,,,,,,,
,,,,,,,,,
,,,,,,,,,
,,,,,,,,,
,,,,,,,,,
,,,,,,,,,
,,,,,,,,,
,,,,,,,,,
,,,,,,,,,
,,,,,,,,,
,,,,,,,,,
,,,,,,,,,
,,,,,,,,,
,,,,,,,,,
,,,,,,,,,
,,,,,,,,,
,,,,,,,,,
,,,,,,,,,
,,,,,,,,,
,,,,,,,,,
,,,,,,,,,
,,,,,,,,,
,,,,,,,,,
,,,,,,,,,
,,,,,,,,,
,,,,,,,,,
,,,,,,,,,
,,,,,,,,,
,,,,,,,,,
,,,,,,,,,
,,,,,,,,,
,,,,,,,,,
,,,,,,,,,
,,,,,,,,,
,,,,,,,,,
,,,,,,,,,
,,,,,,,,,
,,,,,,,,,
,,,,,,,,,
,,,,,,,,,
,,,,,,,,,
,,,,,,,,,
,,,,,,,,,
,,,,,,,,,
,,,,,,,,,
,,,,,,,,,
,,,,,,,,,
,,,,,,,,,
,,,,,,,,,
,,,,,,,,,
,,,,,,,,,
,,,,,,,,,
,,,,,,,,,
,,,,,,,,,
,,,,,,,,,
,,,,,,,,,
,,,,,,,,,
,,,,,,,,,
,,,,,,,,,
,,,,,,,,,
,,,,,,,,,
,,,,,,,,,
,,,,,,,,,
,,,,,,,,,
,,,,,,,,,
,,,,,,,,,
,,,,,,,,,
,,,,,,,,,
,,,,,,,,,
,,,,,,,,,
,,,,,,,,,
,,,,,,,,,
,,,,,,,,,
,,,,,,,,,
,,,,,,,,,
,,,,,,,,,
,,,,,,,,,
,,,,,,,,,
,,,,,,,,,
,,,,,,,,,
,,,,,,,,,
,,,,,,,,,
,,,,,,,,,
,,,,,,,,,
,,,,,,,,,
,,,,,,,,,
,,,,,,,,,
,,,,,,,,,
,,,,,,,,,
,,,,,,,,,
,,,,,,,,,
,,,,,,,,,
,,,,,,,,,
,,,,,,,,,
,,,,,,,,,
,,,,,,,,,
,,,,,,,,,
,,,,,,,,,
,,,,,,,,,
,,,,,,,,,
,,,,,,,,,
,,,,,,,,,
,,,,,,,,,
,,,,,,,,,